No.,Title ID,Writer 1,Writer 2,Writer 3,Writer 4,Writer 5,Composer 1,Composer 2,Composer 3,Composer 4,Composer 5,Arranger 1,Arranger 2,Arranger 3,Arranger 4,Arranger 5
1,8c8222ef-49bc-4955-b4b6-281059de71f5,,,,,,,,,,,,,,,
2,992107b3-eb56-4afc-b79d-a1b23129050a,六ツ見純代,,,,,Mish-Mosh,,,,,前口渉,,,,
3,f730e43c-49f3-4eff-a15e-358151d2b6d0,Eir,小川智之,,,,小川智之,,,,,Saku,,,,
4,1ddcd0d0-727c-42e0-ba54-343dc99f5614,うらん,,,,,大隅知宇,,,,,"千葉""naotyu-""直樹",,,,
5,a3291ecf-54d8-44e0-9ee3-c3e1ac6f85c5,紗希,Rie fu,,,,紗希,,,,,紗希,,,,
6,99680164-9e11-4326-9f31-d91419e607e6,沢木真奈,,,,,根岸貴幸,,,,,根岸貴幸,,,,
7,f9120abe-14e6-436c-b999-2ec8577a8636,坂本真綾,,,,,水野良樹,,,,,河野伸,,,,
8,45bff259-bc92-4034-8595-405153e342db,吉田健美,,,,,いけたけし,,,,,田中公平,,,,
9,61c304df-d44d-4220-8445-0282f8b3f051,,,,,,,,,,,,,,,
10,70f56b7d-e11b-472d-91b8-34c8f9f6d53f,,,,,,,,,,,,,,,
11,c5554e32-e1c7-4f02-b57f-30e53e1cc1eb,ZAQ,,,,,ZAQ,,,,,松田彬人,,,,
12,bf1e8378-059e-476a-b76c-b8b1269c257c,岡崎律子,,,,,岡崎律子,,,,,重実徹,,,,
13,52592787-f9a0-4cc3-a369-c1afc13ed01d,畑亜貴,,,,,俊龍 ,,,,,虹音,,,,
14,1f6da8cf-8c71-4592-b03d-f2057b892853,永井真理子,,,,,中村正人,,,,,中村正人,,,,
15,2ce1049e-082f-4413-b78c-a8e0315e027a,磯谷佳江,,,,,40mP,,,,,40mP,,,,
16,583f8b0e-31c9-4d91-84de-23b443084232,巽明子,,,,,巽明子,,,,,4 Tree Music,,,,
17,7bcbeb91-28d6-45ac-8934-d1c62e8a6d92,,,,,,,,,,,,,,,
18,cc0a5d5b-e1e6-4ab3-bfab-5648085fd4e7,森ユキ,,,,,坂本裕介,,,,,坂本裕介,,,,
19,9abafaa4-8d3f-49bf-96a9-8c4324a7bdfc,halyosy,,,,,halyosy,,,,,halyosy,,,,
20,4e790560-d46b-471a-a9d2-4624e11e6e12,きくこ,,,,,広瀬香美,,,,,亀田誠治,,,,
21,e328f768-132e-46b2-a173-ff852fa93fcc,原田茂幸,,,,,原田茂幸,,,,,原田茂幸,,,,
22,d3830579-5d7b-495c-916d-546f10b4ab0b,,,,,,,,,,,,,,,
23,d65c1dca-7875-423c-9fcb-af0ae9f5a37c,畑亜貴,,,,,Tatsh,,,,,原田勝通,,,,
24,b2e9bfe4-8305-440c-b002-cb20dd4e0ea5,森由里子,,,,,中川浩二,小林啓樹,,,,小林啓樹,,,,
25,021ab05c-32ca-48b3-a673-b8a4c8dd6073,,,,,,,,,,,,,,,
26,fad4c546-8aa1-4598-b796-d45de00df198,梶浦由記,,,,,梶浦由記,,,,,梶浦由記,,,,
27,6c1fc07b-4d4d-4ef8-8a80-4fd2b23e9f68,北川勝利,,,,,北川勝利,,,,,ROUND TABLE,,,,
28,0c50189a-85d0-4176-9c42-26583d1eed5d,,,,,,,,,,,,,,,
29,112fd3e0-124e-4a0d-b78b-93323ab0fb00,,,,,,,,,,,,,,,
30,93fd8b07-ce93-4f1a-a8fc-babb96389e76,畑亜貴,,,,,帆足圭吾,,,,,帆足圭吾,,,,
31,01f38b23-6619-47a2-906a-2fedb8f914fb,,,,,,,,,,,,,,,
32,b1f7a36d-5bb2-4bfd-94e9-ad0a168d565f,,,,,,,,,,,,,,,
33,1a4c6950-77c6-49b0-bf75-1f356d4acc06,,,,,,,,,,,,,,,
34,2807f622-7ccb-4ecb-914c-c341d92f82be,,,,,,,,,,,,,,,
35,23f63c1e-728d-4f75-8427-1b52d0eeb662,,,,,,,,,,,,,,,
36,90aa08c9-cc17-4e53-8fa7-0ccb0d12cd3c,森由里子,,,,,岩崎貴文,,,,,新井理生,,,,
37,7f1e018f-fb05-42c6-b992-346cd6936af9,marhy,,,,,marhy,,,,,marhy,,,,
38,d7afe7e6-c231-4128-9f32-fae1e8309378,marhy,,,,,marhy,,,,,marhy,,,,
39,b21e15b6-1fd5-476e-b24c-d822f94587b2,有森聡美,,,,,三留研介,,,,,添田啓二,,,,
40,124792f8-e053-42a1-9bdd-412d95b6e078,森川美穂,,,,,ジョー・リノイエ,,,,,ジョー・リノイエ,鈴川真樹,,,
41,2090fa36-6b28-4968-945e-e966c2139ce0,三弥,,,,,イイジマケン,,,,,イイジマケン,ピエール,,,
42,f491d566-31f9-4915-b9dd-de0f6d3d894b,烏屋茶房,,,,,emon,,,,,emon,,,,
43,a9cec900-7540-4eb0-8767-3105a1475f07,森ユキ,,,,,坂本裕介,,,,,坂本裕介,,,,
44,714c15e3-032b-420e-acd4-f90b352bc8ac,Linda Hennrick,,,,,鈴木慶一,,,,,鈴木慶一,,,,
45,65f86674-1dff-4c4d-a852-2a235bfab68e,,,,,,,,,,,,,,,
46,935339bb-4839-48f5-a344-fd164c4f5b3c,糸井重里,,,,,酒井省吾,,,,,酒井省吾,,,,
47,5ac17855-d161-4a61-b9f0-dca13742f031,稲葉エミ,,,,,川口進,,,,,川口進,,,,
48,35d20da2-cd4b-4766-aaf3-0e6ddf92518f,ZAQ,,,,,Adoriano Spinesi,,,,,Adoriano Spinesi,,,,
49,187265bc-741f-4afd-b971-5a124ef42c7a,森ユキ,,,,,坂本裕介,,,,,坂本裕介,,,,
50,a82103d8-8012-44b0-845a-bf49ceeb12bd,畑亜貴,,,,,鈴木裕明,,,,,鈴木裕明,,,,
51,81183ac2-568e-4ff8-9658-a32473d40bf2,大石昌良,,,,,大石昌良,,,,,大石昌良,,,,
52,a7050fa1-27cc-4def-8c50-88e64162682e,根津洋子,,,,,宮島律子,,,,,岩本正樹,,,,
53,ed729e78-86aa-4a36-b117-11bd15b7b672,,,,,,,,,,,,,,,
54,2633ea12-d719-4e41-b4ac-c1f47636e52f,田辺智沙,,,,,七瀬光,,,,,百石元,,,,
55,59071d78-d056-4a02-b9bc-d28f021ce200,上松範康,,,,,上松範康,,,,,藤間仁歌,,,,
56,77836f67-e7fe-47df-a9f5-18964e1d7737,本田光史郎,,,,,本田光史郎,,,,,本田光史郎,,,,
57,aeba8073-f07d-4cc8-9574-99acc99fa6f5,micco,,,,,菊池達也,,,,,菊池達也,ぺーじゅん,,,
58,b4eefca5-864e-4cd4-bc62-66b4667e934c,森ユキ,,,,,坂本裕介,,,,,坂本裕介,,,,
59,0fe19c90-05f6-405b-a51c-f6daa8b50d6e,ふわりP,,,,,ふわりP,,,,,ふわりP,,,,
60,8b103380-a35d-4386-8450-7149e28dba5e,,,,,,,,,,,,,,,
61,fa7f0880-0fd8-42cf-ac1e-4bf94ac5193a,,,,,,,,,,,,,,,
62,44796640-af85-45a1-b8ec-b2c360faaa49,,,,,,,,,,,,,,,
63,3b124d6f-4186-4da8-a5d2-db1754a0eb5a,岡崎律子,,,,,岡崎律子,,,,,村山達哉,,,,
64,ba4abfc6-6039-4ae9-8fb9-7f3b25472220,栗林みな実,,,,,栗林みな実,,,,,飯塚昌明,,,,
65,8d01754d-d4dd-498f-9f86-35df6dd7344c,おぐらあすか,,,,,おぐらあすか,,,,,manzo,おぐらあすか,,,
66,deba534d-3f68-4b6e-9601-2bac67d99386,うらん,,,,,大隅知宇,,,,,大隅知宇,,,,
67,00be33b0-767a-46b8-b89b-a6cf0c6638a6,森ユキ,,,,,坂本裕介,,,,,坂本裕介,,,,
68,d10dc855-8f5a-4985-9960-3a454b984872,chihiro,,,,,chihiro,,,,,chihiro,,,,
69,05d6c716-3a05-486f-b872-a255ad5b1084,川田瑠夏,,,,,宮崎誠,,,,,宮崎誠,,,,
70,de4405bc-1e32-4ed8-be86-bab6b87ed689,畑亜貴,,,,,神前暁,,,,,神前暁,,,,
71,03bc1d36-b145-4d15-950a-4e05cecd893a,吉崎観音,,,,,halyosy,,,,,halyosy,,,,
72,61ca870f-6bc2-487f-a404-42bea4627885,rino,,,,,長田直之,,,,,長田直之,,,,
73,849712ff-686b-4dc6-9b80-d641ed2953aa,HIDE&シンディー▽,,,,,鷺巣詩郎,,,,,鷺巣詩郎,,,,
74,e7810f2e-c902-422e-b00f-607833baa595,森ユキ,,,,,坂本裕介,,,,,坂本裕介,,,,
75,ea2d0316-f1c6-4506-84ea-133192aca07e,,,,,,,,,,,,,,,
76,069710ea-2bba-4003-97f0-b32baaae2e2e,西直紀,,,,,依田和夫,,,,,山本光男,,,,
77,f33051f9-f8c6-4931-b6ab-235dafc57838,椎名可憐,,,,,増田俊郎,,,,,増田俊郎,,,,
78,698245e3-c85b-47db-8c94-e0e346aa8538,栗林みな実,,,,,清水永之,飯塚昌明,,,,飯塚昌明,,,,
79,269598a6-09af-4856-b426-1ab14715a1a3,,,,,,,,,,,,,,,
80,c80850af-61a7-4ca6-8513-8e185fb161bc,rino,,,,,rino,,,,,rino,,,,
81,09adafec-f8d9-44e4-98a2-cddb0a3c2c07,,,,,,,,,,,,,,,
82,dc4f5343-58b3-4d74-b8cb-478bc113fc6b,,,,,,,,,,,,,,,
83,4574bd59-cd29-4cc9-a83e-3919a6cd7232,須谷尚子,,,,,下川直哉,,,,,松岡純也,,,,
84,f368e9c3-789c-4302-b75e-291125513e21,水島努,,,,,伊藤真澄,,,,,伊藤真澄,,,,
85,3fbdddbf-3695-4e83-b39a-5839936b3a25,坂井竜二 ,,,,,山崎真吾,,,,,山崎真吾,,,,
86,5f65e2e7-5a0b-4ece-bc13-cc9316be2518,畑亜貴,,,,,綾原圭二,,,,,Nishi-ken,,,,
87,bcb79239-c75e-4306-9dd3-c446351931ea,,,,,,,,,,,,,,,
88,e52d4a14-0e3c-4fc5-8fa0-42c10f86dce6,秋乃零斗,,,,,田代智一,,,,,中西亮輔,,,,
89,4f345e07-8284-48ed-85ce-67d134f61e61,畑亜貴,,,,,Tatsh,,,,,安藤高弘,,,,
90,f1f8b47b-4fd9-4e28-a105-dd6bd749779b,畑亜貴,,,,,福本公四郎,,,,,近藤昭雄,,,,
91,f8bfd55d-29f1-4347-ac61-d69eaaf34cb6,,,,,,,,,,,,,,,
92,710a98d2-1c56-4a55-989a-5f34938a2d3a,,,,,,,,,,,,,,,
93,5342de53-5c03-43fa-bd91-232a34a03918,,,,,,,,,,,,,,,
94,477f93a0-c739-4256-a251-3c2bb5fcccf7,畑亜貴,,,,,田代智一,,,,,近藤昭雄,,,,
95,fc88df79-82ed-4e31-a4fd-88dc11b22c2a,枯堂夏子,,,,,前田克樹,,,,,藤原いくろう,,,,
96,e474a502-c1b5-48b8-af2f-5ca5251d4572,月宮うさぎ,,,,,小池雅也,,,,,小池雅也,,,,
97,323a8826-0ea8-49f3-8b8c-0eea58ae52da,室生あゆみ,,,,,池毅,,,,,小川尚子,,,,
98,ff4c7488-4cba-4725-bbca-7f92571c69fb,森ユキ,,,,,坂本裕介,,,,,坂本裕介,,,,
99,45e6915c-c420-4e20-b292-9a4204c0af1c,,,,,,,,,,,,,,,
100,abd5107c-43b2-41fa-9ebc-80393cb0ddb0,LiSA,,,,,カヨコ,,,,,堀江晶太,岡村美央,,,
101,f2435c46-dfdf-4696-a63a-4343eff17528,藤林聖子,,,,,RAMM,,,,,RAMM,,,,
102,61c1d556-5fb9-40fd-9e78-a9c9adf9d229,朝日温子,,,,,朝日温子,,,,,朝日温子,,,,
103,fb56e763-2437-4a12-8877-25afd7dfe2dd,森ユキ,,,,,坂本裕介,,,,,坂本裕介,,,,
104,1f922ef3-f976-4131-876a-2a9acf83b659,,,,,,,,,,,,,,,
105,0b9eee8c-a0a3-4d90-9177-a8dd33c1023b,高柳恋,,,,,小泉誠司,,,,,飯塚昌明,,,,
106,cc7b3f34-6574-4716-b21e-903280247f79,hotaru,,,,,やしきん,,,,,SAO MUSIC GUILD,,,,
107,18a67d46-9452-465a-ab51-b1b53414b7ef,かきふらい,,,,,bice,,,,,bice,,,,
108,0d07aa49-d49c-49a3-8b98-0a818825cbe3,,,,,,,,,,,,,,,
109,cbe96f03-9eb7-48c8-8236-b6624ce6fea0,,,,,,,,,,,,,,,
110,35d3ab30-e4a8-4bdd-8647-9c3c9c0e600e,rino,,,,,長田直之,,,,,長田直之,,,,
111,17539aef-6f5a-48c5-b39f-aabc484e5a4c,畑亜貴,,,,,畑亜貴,,,,,並木晃一,Otomania,,,
112,34d06c95-f7f2-45c4-97eb-948798110167,畑亜貴,,,,,冨田暁子,,,,,藤田淳平,,,,
113,7e40108c-914b-4104-9d78-f71e95f700e2,,,,,,,,,,,,,,,
114,1095ad46-7e1b-4ec7-a424-a060e543aae8,HΛLNA,,,,,梅崎俊春,佐藤あつし,,,,HΛL,,,,
115,601f0b20-5aea-4a69-bd39-54dc6cf9b60f,,,,,,,,,,,,,,,
116,9be47117-430a-427e-9b5a-96348f5c9459,,,,,,,,,,,,,,,
117,92ced388-22c9-4fbb-9dc1-c3ffcaad0305,月宮うさぎ,,,,,小池雅也,,,,,小池雅也,,,,
118,db259272-07c7-48be-91d0-b1d7e9630b9c,畑亜貴,,,,,山元祐介,,,,,山元祐介,,,,
119,d4679de5-cbec-4e4f-8fd1-a60e8db59a65,きみコ,,,,,きみコ,,,,,nano.RIPE,福富雅之,,,
120,0da74af8-469d-4f1c-a274-ccfc6a2dc16c,,,,,,,,,,,,,,,
121,0b7cbc58-2a2a-4308-a493-05c398771601,大倉智之,,,,,大倉智之,,,,,大倉智之,,,,
122,f4ef8a4e-a476-4a66-9d17-1c4c8357f41a,,,,,,,,,,,,,,,
123,c0b32eb1-af86-4064-be91-b097b5c3b3ed,,,,,,,,,,,,,,,
124,14a90c71-182f-4617-90cf-38d71f7a1e02,広瀬香美,,,,,広瀬香美,,,,,本間昭光,広瀬香美,,,
125,4a801f16-15cf-4361-9988-6238404d51a4,岩里祐穂,,,,,菅野よう子,,,,,菅野よう子,,,,
126,ef835dd6-b1e0-4b7c-9c32-1a3d7181281d,下川みくに,,,,,下川みくに,,,,,ab:fly,中山信彦,Something Else,,
127,0de0b9f1-215f-4b34-9013-a87d7b13227e,田辺智沙,,,,,平間あきひこ,,,,,平間あきひこ,,,,
128,87f5d569-cc6d-440d-9e13-3036e3d4588d,,,,,,,,,,,,,,,
129,19319d20-6957-4d8a-b1fa-9736acee3a8d,きみコ,,,,,きみコ,,,,,nano.RIPE,,,,
130,24a931c6-f4e1-42ec-9312-daafb2a26e98,,,,,,,,,,,,,,,
131,0ce6d9b4-4d7f-466d-8a41-b64c84202e30,,,,,,,,,,,,,,,
132,d2776f34-ed23-4b29-9836-48a4c82ab623,KOCHO,,,,,奥井康介,,,,,奥井康介,,,,
133,123d3e70-ebe1-48d1-bcb3-74ae744707ac,HIDE＆シンディー,,,,,鷺巣詩郎,,,,,鷺巣詩郎,,,,
134,4ce6a715-e9e9-4af3-8ff1-5af430d866ab,白峰美津子,,,,,岸村正実,,,,,岸村正実,,,,
135,1e81ea85-c776-42e0-9604-45cdf92acd75,大石昌良,,,,,大石昌良,,,,,大石昌良,,,,
136,9d66e8e3-c794-487e-b765-50cdadfe99e0,STRAWBERRY FLOWER,,,,,STRAWBERRY FLOWER,,,,,パパダイスケ,,,,
137,4d229f42-9743-4f1f-819f-e63b0b0bff13,,,,,,,,,,,,,,,
138,d4cac513-200b-4fa0-a578-ec8ec9340869,Mio Aoyama,,,,,松浦勇気,,,,,松浦勇気,,,,
139,3eae3e7a-3978-4b62-a92c-9eace63847b0,辻純更,,,,,三浦誠司,,,,,三浦誠司,,,,
140,ea9c82ab-6d36-45ec-a0d8-722bae1a48d7,桜井弘明,,,,,増田俊郎,,,,,増田俊郎,,,,
141,d7cff592-e75b-43b3-b449-e02eab13d5cb,,,,,,,,,,,,,,,
142,9148bb91-de4c-4a9f-9111-15784e32037a,吟,,,,,吟,,,,,吟,,,,
143,81546d69-bab7-401e-95b0-fcb870112ca7,前山田健一,,,,,前山田健一,,,,,前山田健一,,,,
144,9d717d1c-c0c3-4514-814e-197d277578d7,,,,,,,,,,,,,,,
145,56e4ac66-7ded-4f97-bb72-5d58d5574340,,,,,,,,,,,,,,,
146,86b2afc1-1b16-495a-84c2-04bb4922dfbf,hotaru,,,,,やしきん,,,,,SAO MUSIC GUILD,,,,
147,39beb05c-6fc1-4010-86e4-061736de29f3,,,,,,,,,,,,,,,
148,d039229b-1f8c-4f88-aa4f-5e68131c3021,,,,,,,,,,,,,,,
149,03b2b266-ed4f-419e-996a-452d1758d0bc,ICHIKO,,,,,新井理生,,,,,新井理生,,,,
150,a2265953-83d5-4274-b8c3-040475953dac,,,,,,,,,,,,,,,
151,7f36be09-383d-4fd0-9368-6175d7a34d36,枯堂夏子,,,,,藤原いくろう,,,,,藤原いくろう,,,,
152,3751d3bf-7481-40d5-877e-3772521a9578,須谷尚子,,,,,衣笠道雄,,,,,豆田将,,,,
153,8cfbda77-880b-47d3-bb2d-13c6a062a969,及川眠子,,,,,高橋洋子,,,,,大森俊之,,,,
154,03febdba-c943-49a5-891e-68944a2bc4d4,前山田健一,,,,,前山田健一,,,,,前山田健一,,,,
155,050c83ee-3c29-4de1-b970-8ef7309a49a9,,,,,,,,,,,,,,,
156,a6469ff1-ef30-4ac5-8648-7367a4c2d5ed,畑亜貴,,,,,ISAO,,,,,Nishi-ken,,,,
157,84b69eed-a1cb-4701-ac52-0d3855e41b5b,枯堂夏子,,,,,前田克樹,,,,,藤原いくろう,,,,
158,b32cb517-3533-4ecf-b696-a550bf00c5a7,枯堂夏子,,,,,MATARO,,,,,MATARO,,,,
159,f71e50ed-96b1-49a7-903d-dfe386af5637,,,,,,,,,,,,,,,
160,e06b97de-c2b0-4b6c-9566-7079aba28306,佐々木恵梨,,,,,佐々木恵梨,中村ヒロ,,,,佐々木恵梨,中村ヒロ,,,
161,8b6becad-5701-4681-b3e9-0ee58486e7db,大八木弘雄,,,,,大八木弘雄,,,,,大八木弘雄,,,,
162,30e6b60a-8fb9-42bb-95b5-c3ebf078d31a,梶浦由記,,,,,梶浦由記,,,,,梶浦由記,,,,
163,b6e8dc56-c807-41d7-9f5d-098b42734f91,椎名可憐,,,,,太田雅友,,,,,太田雅友,,,,
164,8a94b2b1-661e-4d64-b362-7b0850e1a7e2,くまのきよみ,,,,,増田俊郎,,,,,増田俊郎,,,,
165,0af4668b-05d2-4535-a267-99d1b4e4e546,,,,,,,,,,,,,,,
166,86d048c4-fd15-4520-8d3a-d4ea2708e08e,松井孝夫,,,,,松井孝夫,,,,,伊藤真澄,,,,
167,9ee6595d-38d9-424b-8f60-807f6e6c0b8a,松井孝夫,,,,,松井孝夫,,,,,松井孝夫,,,,
168,66e371bd-135d-4c3b-856f-85bdd7a03380,,,,,,,,,,,,,,,
169,545c3308-94f8-4afc-86a1-166b519f99a8,真理絵,,,,,MANYO,,,,,MANYO,,,,
170,b09a7e73-27da-4b4a-9af3-902426728296,山本寛,,,,,神前暁,,,,,神前暁,,,,
171,2f654df3-18a4-4ae9-9c23-6c4211d63e1c,根津洋子,,,,,吉中美樹,,,,,岩本正樹,,,,
172,56ac7f84-d1ed-4308-941c-cbdb04ab5b76,何茶李,,,,,Sin,,,,,Sin,,,,
173,a60fa97c-70c8-4e1d-9f3d-32d61afdb20d,,,,,,,,,,,,,,,
174,f89af280-28e0-4912-88fe-324a3a7b07e8,yura,,,,,神前暁,,,,,神前暁,,,,
175,58786cd8-dce7-4ef5-8659-7dfa1b0ba451,,,,,,,,,,,,,,,
176,06286f40-f86e-4ebe-9864-0f783323ccf7,,,,,,,,,,,,,,,
177,e48a5e4d-e3bc-43b5-8a0d-2fbf09503da6,松浦有希,,,,,松浦有希,,,,,松浦有希,,,,
178,f4a730d3-d6e3-484d-b67e-a5ccb41626ab,,,,,,,,,,,,,,,
179,e5c35200-14c4-4bec-9a2f-d125b172c5f4,下川みくに,,,,,Gajin,,,,,西川進,梶浦由記,,,
180,d7b835f0-a2eb-475e-b084-f60d9b012a4a,micco,,,,,菊地達也,,,,,菊地達也,ぺーじゅん,,,
181,013792b2-8a06-4155-ab24-e70dde655979,,,,,,,,,,,,,,,
182,4197a3d0-87d9-450b-9a38-723c4a65a7ec,40mP,,,,,40mP,,,,,40mP,,,,
183,15c037f4-330c-4bc4-a028-9c1d18075efb,久和カノン,,,,,吉中美樹,,,,,岩本正樹,,,,
184,99ece8f2-b977-4bcf-af1e-367f54785082,Saku,,,,,Saku,,,,,Saku,,,,
185,667b0bb3-2d48-4da4-b0a0-16260518e7e0,,,,,,,,,,,,,,,
186,d5e9c612-0327-417a-965a-55d3b983bf89,木本慶子,,,,,岩本正樹,,,,,岩本正樹,,,,
187,ea8a5d9a-3868-4aaa-af84-37617335b9c5,ZAQ,,,,,ZAQ,,,,,A-bee,,,,
188,d4287bf4-0a72-4466-825f-67e2e8290b72,,,,,,,,,,,,,,,
189,7335fda4-e4dc-408c-8d48-8b0d3655099e,森ユキ,,,,,坂本裕介,,,,,坂本裕介,,,,
190,7d71807c-b3af-45f8-8d87-f3ac163c1b02,,,,,,,,,,,,,,,
191,24de68ac-b92b-4722-a731-5e95bc22706f,前山田健一,,,,,前山田健一,,,,,前山田健一,,,,
192,597fcf54-c81f-481e-b3aa-791f402a86ec,,,,,,,,,,,,,,,
193,f2c3b36d-3397-4910-8dd1-fd49bb248bd7,春奈るな,Saku,,,,Saku,,,,,Saku,,,,
194,8e498074-4dcc-4a2d-9b91-1bee6c6aadc0,枯堂夏子,,,,,松宮恭子,,,,,藤原いくろう,,,,
195,cb4b86a6-1ba9-4f05-80c0-884ec7a1253f,,,,,,,,,,,,,,,
196,85c6fe7e-621e-4112-87ec-9e6b52090649,当真一茂,,,,,吟,,,,,吟,,,,
197,a02c9dbb-044e-4228-97a3-b6fd71d575a6,吟,,,,,吟,,,,,吟,,,,
198,cb1ce791-fb2a-4478-8802-ae6e9e51b7d3,吟,,,,,吟,,,,,吟,,,,
199,90b41824-c69c-4923-b141-23fa409483a2,吟,,,,,吟,,,,,吟,,,,
200,09a84ddc-8451-4e54-a8b0-8b51b8c6f5b0,当真一茂,,,,,吟,,,,,吟,,,,
201,fd7bf38b-bec1-480a-ac86-b687a0883cb2,CHAKA,,,,,鷺巣詩郎,,,,,鷺巣詩郎,,,,
202,086407bb-00da-4b2f-8327-72ba64668b14,みゆはん,,,,,みゆはん,,,,,R_Men_Soul,,,,
203,a2ee58b9-722b-45c7-90ea-e07ef50b9a88,ヒゲドライバー,,,,,ヒゲドライバー,,,,,ゆよゆっぺ,,,,
204,ccca3ac9-7ef9-4148-8353-04f31f31d7b5,,,,,,,,,,,,,,,
205,a47fdb60-81cb-452e-a91c-df11407835db,,,,,,,,,,,,,,,
206,7caa31da-18b6-483e-8525-4c80af1c293d,ミト,,,,,ミト,,,,,ミト,,,,
207,44ecdec5-895f-435b-99f0-384c6061fb5f,藤澤慶昌,,,,,藤澤慶昌,,,,,藤澤慶昌,,,,
208,1dbb1a71-953f-4e3e-982e-8c29e4ea0a10,,,,,,,,,,,,,,,
209,8356f6e3-848a-42de-84c9-4968e7557b93,篠崎あやと,橘亮祐,,,,篠崎あやと,橘亮祐,,,,篠崎あやと,橘亮祐,,,
210,a2ba7c74-9545-4e96-97c4-2f818f932fbe,当真一茂,,,,,吟,,,,,吟,,,,
211,a6a02ec9-0fef-4dde-902e-840c79617eff,唐沢美帆,,,,,岩代太郎,,,,,岩代太郎,,,,
212,fcd7154f-47c0-47a2-a456-f8825a74a769,岡崎律子,,,,,岡崎律子,,,,,村山達哉,米田直之,,,
213,ccc17cdb-83b0-49a8-9aed-e68ebf0c5e56,大川七瀬,,,,,根岸貴幸,,,,,根岸貴幸,,,,
214,f8ccd1b5-8017-4f0e-b93f-d166864d91a4,森由里子,,,,,岩代太郎,,,,,岩代太郎,,,,
215,9e69580d-cc95-4860-a67a-04a681ac717a,,,,,,,,,,,,,,,
216,d4ac4c86-fab4-42d5-9c68-7681a37451ec,,,,,,,,,,,,,,,
217,54936fa3-6a56-4f7c-abf4-3a09d4de7843,,,,,,,,,,,,,,,
218,7979e302-149a-48fc-b91f-5e52db5edf5c,,,,,,,,,,,,,,,
219,3f414958-8261-4c40-b8ad-fbedde2b0879,村上大樹,,,,,楠瀬拓哉,,,,,楠瀬拓哉,アサキ,,,
220,7c2b8a33-e43a-49a6-b417-ef048d36aec4,,,,,,,,,,,,,,,
221,134ec7c7-7734-42fc-bb5f-caee9246367d,,,,,,,,,,,,,,,
222,44f4acc3-6b18-4704-aa86-419b867dc919,,,,,,,,,,,,,,,
223,cb508343-5e87-40e8-a6cc-c70a83426d14,うらん,,,,,木村有希,,,,,やしきん,,,,
224,b9c8b3ef-ea6a-4392-8211-a8a93cdcb82b,枯堂夏子,,,,,藤原いくろう,,,,,長岡成貢,,,,
225,76463cec-82fb-41d4-b163-9fe8b3dbc950,,,,,,,,,,,,,,,
226,333acf09-8e82-458e-9ce3-a40929375087,ChouCho,,,,,酒井陽一,,,,,酒井陽一,,,,
227,2c7b97c5-8855-42b6-b1ee-f2f1d805ae82,KOCHO,,,,,奥井康介,,,,,奥井康介,,,,
228,4ef53e7c-59ea-4369-882d-608128df90b7,,,,,,,,,,,,,,,
229,29c18980-4730-46d9-a902-9303a56b1e7d,こだまさおり,,,,,rino,,,,,h-wonder,,,,
230,3731926f-5e3f-4e97-96f1-c3e1ed9fbcec,梶浦由記,,,,,梶浦由記,,,,,梶浦由記,,,,
231,40959c4b-dbcc-464e-a8a1-9d436d6476b8,石山タカ明,,,,,橋本由香利,,,,,橋本由香利,,,,
232,f7dfac8e-a23f-4b6d-adfd-f9d401a5dd7e,枯堂夏子,,,,,松宮恭子,,,,,藤原いくろう,,,,
233,c4be993c-8ae7-4a2b-9ba2-9edc4fd62910,畑亜貴,,,,,大久保薫,,,,,大久保薫,,,,
234,156d46ed-27ad-4fab-a22a-cadc25540f98,,,,,,,,,,,,,,,
235,59f4ca93-363a-4aec-8caa-c1e1d81845b5,ZAQ,,,,,ZAQ,,,,,松田彬人,,,,
236,e107ff0e-5b9c-4280-9b63-21c287d0b7a7,上松範康,,,,,上松範康,,,,,藤間仁,,,,
237,4c9a3035-0f09-4ff8-a5f9-e5adeb42eede,辻純更,,,,,若林充,,,,,草野よしひろ,,,,
238,c23e7a4a-b330-4c4a-ab42-b133189dec8b,,,,,,,,,,,,,,,
239,98a3fd71-da20-475e-a734-21f6d40c9211,,,,,,,,,,,,,,,
240,300adaa1-0e7a-4a6d-ae91-613930b83116,,,,,,,,,,,,,,,
241,1a808c49-8fbd-4707-9dff-73ea0802ee3d,大原ゆい子,,,,,大原ゆい子,,,,,大原ゆい子,,,,
242,ddd70aca-f2f8-4e7f-99ad-244a61b71540,,,,,,,,,,,,,,,
243,bd1019e6-88f1-4afc-ae43-e51e295491f3,micco,,,,,杉森舞,,,,,渡辺和紀,,,,
244,0d53bfa0-e71a-44d6-aab5-6bba2128c8f5,,,,,,,,,,,,,,,
245,36fd7b57-92d7-4e73-b92c-a50ed57af3de,RUCCA,,,,,流歌,,,,,牧野信博,,,,
246,6010461c-8ab0-4d65-8fb6-af3380b1ff12,,,,,,,,,,,,,,,
247,b2b46637-b37b-4b6c-bca3-5dbdaca1004c,micco,,,,,菊池達也,,,,,菊池達也,,,,
248,07d43181-1d02-44fa-b476-e7f14522f511,,,,,,,,,,,,,,,
249,b5ad177e-ae0a-4f29-abce-28d0a41ffdf9,篠原仁志,,,,,徳永英明,,,,,瀬尾一三,,,,
250,83b4f366-bf97-44ba-a2e5-76b74ca52f28,藤公之介,,,,,すぎやまこういち,,,,,すぎやまこういち,,,,
251,5ae7b9b2-f6a0-4ac1-844d-e51b097212a1,大石昌良,,,,,大石昌良,,,,,大石昌良,,,,
252,20fb4fff-a4a3-432c-b192-132b5f718e01,及川恒平,,,,,すぎやまこういち,,,,,栗田信生,,,,
253,40fc0a03-e8eb-437f-95f7-11a5a88e9a5d,及川恒平,,,,,すぎやまこういち,,,,,すぎやまこういち,,,,
254,1149ca33-bd75-4609-a060-8d079c852fa1,,,,,,,,,,,,,,,
255,4d61549b-8778-406f-95ef-4a7a7d323c4b,米倉千尋,,,,,米倉千尋,,,,,重実徹,,,,
256,e8b5603e-115c-4812-8215-ecbaceb82f01,,,,,,,,,,,,,,,
257,6ee66228-4da0-46d5-a359-dda87c51f22f,梶浦由記,,,,,梶浦由記,,,,,梶浦由記,,,,
258,54efc82a-8b0d-4aa6-9742-cfc359147eb9,梶浦由記,,,,,梶浦由記,,,,,梶浦由記,,,,
259,5415f7d0-a89b-4e38-9be6-86df889f21f9,渡辺翔,,,,,渡辺翔,,,,,湯浅篤,,,,
260,88462f3a-8b0d-47b9-bc21-37a48a3564bb,,,,,,,,,,,,,,,
261,23ce744b-4473-4b28-878b-407ccdabd010,,,,,,,,,,,,,,,
262,7b54de93-f1c7-4208-ac9f-3a0fadabb1f9,高橋哲哉,LYSSA,カストロさとし,,,光田康典,,,,,マリアム・アボンナサー,,,,
263,ff90404d-e772-4fed-9ade-955b3a473226,,,,,,,,,,,,,,,
264,4de13eb0-3e37-47f9-a943-08fe11b3f041,高橋哲哉,LYSSA,カストロさとし,,,光田康典,,,,,光田康典,,,,
265,2c3cbebb-fd33-4edd-b323-9733b8296e58,高橋哲哉,LYSSA,カストロさとし,,,工藤ともり,ChiCO,,,,工藤ともり,ChiCO,,,
266,25b86310-11be-4c18-858e-916a620a4be3,,,,,,,,,,,,,,,
267,7e3b7984-e203-416b-afba-bd7fe071a1cc,畑亜貴,,,,,矢吹香那,佐々木裕,,,,サワグチカズヒコ,,,,
268,78d0e51f-42e9-44ca-ada7-da4be51a761f,,,,,,,,,,,,,,,
269,c1dba954-2bec-4ec1-9363-d9c112c6a42b,,,,,,,,,,,,,,,
270,54d58e67-9a9a-4d62-9c52-e331a44ea629,OSTER project,,,,,OSTER project,,,,,OSTER project,,,,
271,9acdfc0b-a87c-4fbd-be32-4e305706deb1,OSTER project,,,,,OSTER project,,,,,OSTER project,,,,
272,57dc9dd6-e361-4375-b8d0-5cdb72b02d90,,,,,,,,,,,,,,,
273,0c726f3e-2a43-42a3-821d-07882204ba44,きみコ,,,,,きみコ,,,,,菊谷知樹,,,,
274,c2f8dbc6-a27c-420a-b009-6d80d7a10be5,,,,,,,,,,,,,,,
275,9609e91e-d179-418a-8832-9db57ecc8523,須谷尚子,,,,,中上和英,,,,,中上和英,,,,
276,349d160b-8a37-407d-932b-befacdf71142,森ユキ,,,,,坂本裕介,,,,,坂本裕介,,,,
277,b46675cb-2f71-4ec1-bde0-dfb68fc0a124,ラマーズP,,,,,ラマーズP,,,,,ラマーズP,,,,
278,ca990444-573f-480f-82f8-0e4235fe5e26,梶浦由記,,,,,梶浦由記,,,,,梶浦由記,,,,
279,464366e5-fc23-4fdc-817a-3f23033db8af,吉元由美,,,,,小杉保夫 ,,,,,小杉保夫 ,,,,
280,370cbbf7-60db-445c-9ade-beaa11ae3a7e,,,,,,,,,,,,,,,
281,b5d13e69-ee4c-49d0-af2e-f7f5372863b3,畑亜貴,,,,,神前暁,,,,,神前暁,,,,
282,139e241c-9f51-4f47-b1a9-933a58fa2628,高橋哲哉,LYSSA,カストロさとし,,,光田康典,,,,,光田康典,,,,
283,e3709621-a3d3-495b-a8a0-751101917b5e,,,,,,,,,,,,,,,
284,e2031b3d-02ab-4cb5-af33-63b28d40f865,六月十三,,,,,宮島律子,,,,,須藤賢一,,,,
285,9b44f20a-2b73-4978-8aae-45bac63c354e,谷口正明,,,,,伊藤真澄,,,,,伊藤真澄,,,,
286,9c20970f-e1b6-4ab0-b4af-a41cc6df3c11,サエキけんぞう,,,,,神前暁,,,,,神前暁,,,,
287,e0ce99ab-3ec6-4a79-b043-ce5468b17beb,田辺智沙,,,,,和泉一弥,,,,,和泉一弥,,,,
288,aded10ee-dfcd-482b-b90f-026822cb3b53,浅田信一,,,,,浅田信一,,,,,西川進,,,,
289,50684298-56c8-4572-bea8-1768e6cb9699,畑亜貴,,,,,鈴木盛広,,,,,安藤高弘,,,,
290,c1a4d19b-df81-45ed-8197-fba0a6009225,田辺智沙,,,,,平間あきひこ,,,,,南良樹,,,,
291,c7585b74-904c-4776-a40d-541c64589f3c,,,,,,,,,,,,,,,
292,223cacad-3556-4ede-aa14-f03e096bc620,枯堂夏子,,,,,藤原いくろう,,,,,藤原いくろう,,,,
293,9a7d2dc0-0d78-41b3-8d5c-f232e85a215c,岩里祐穂,,,,,前田克樹,,,,,工藤隆,,,,
294,1b468a12-1576-4ea8-8bc5-d7edaac63865,,,,,,,,,,,,,,,
295,ee33d36f-0f10-4986-8a76-c730650fdd72,こさかなおみ,,,,,上野浩司,,,,,神津裕之,,,,
296,17c77e08-69d8-4b65-9be0-8347dc375717,,,,,,,,,,,,,,,
297,782f272d-665c-4497-b563-3305df3db449,岸田るみ子,,,,,小坂明子,,,,,三国義貴,,,,
298,4f2d95d9-ebaa-4bea-b675-2097facb8bed,大友裕子,,,,,佐橋俊彦,,,,,佐橋俊彦,,,,
299,fc17b1cc-6473-49e5-9484-64fb418eae17,やしきん,,,,,やしきん,,,,,やしきん,,,,
300,a7d264cf-c981-4797-8739-481b59a85437,,,,,,,,,,,,,,,
301,69409a2e-286e-41da-972f-e9792cb8c306,,,,,,,,,,,,,,,
302,5b1fd365-c714-4990-ac7c-1fa6b9035a47,DAOKO,,,,,小林武史,,,,,小林武史,,,,
303,a4b2bfda-26ff-4f02-8ff2-1250102678a8,DAOKO,,,,,DAOKO,,,,,江島啓一,,,,
304,15bd9376-549f-49b3-84e7-c85467dad506,,,,,,,,,,,,,,,
305,fd4468fb-a271-44ff-a3b0-939c3dbf75b2,,,,,,,,,,,,,,,
306,03c97da1-1323-4be7-bcd9-d2849f610af2,,,,,,,,,,,,,,,
307,284a75f1-a55c-4d81-a942-dbe019d839f8,,,,,,,,,,,,,,,
308,eb1d6f73-0539-4fa8-9e52-a3d792538e3a,須谷尚子,,,,,中上和英,,,,,中上和英,,,,
309,4b935690-d96d-44b6-8443-0d0dca6a1d27,,,,,,,,,,,,,,,
310,b0d8b5d7-19fa-4bd5-9241-df26f388d88f,古屋真,,,,,山下洋介,,,,,山下洋介,,,,
311,c6e841a5-ed7e-4de5-b713-c3cecca572f8,畑亜貴,,,,,ツキダタダシ,,,,,ツキダタダシ,,,,
312,7b331a60-f845-4181-a2db-1ff9da3c4f37,GYARI (ココアシガレットP),,,,,GYARI (ココアシガレットP),,,,,GYARI (ココアシガレットP),,,,
313,1d594499-9a8a-406b-81a1-819a248aae81,丹下桜,,,,,坂下正俊,,,,,水島康貴,,,,
314,4c4558d4-ce2c-4da8-83e3-2ff1fb8bc5d7,丹下桜,,,,,ながつきまろん,,,,,亀田誠治,,,,
315,5024df94-a2a1-4b23-8f45-b3154fcd61a7,畑亜貴,,,,,やしきん,,,,,やしきん,,,,
316,48ecc521-25f0-4c34-a1a8-8ae8d41f40a5,かきふらい,,,,,前澤寛之,,,,,前澤寛之,,,,
317,99e41b2f-fdff-4970-9864-de4fc2dd39d1,,,,,,,,,,,,,,,
318,5237b523-2254-4470-97f9-dc0c893e12b4,畑亜貴,,,,,大久保薫,,,,,大久保薫,,,,
319,51f787b4-4921-47a0-a83c-25d7415f8322,林英樹,,,,,佐藤純一,,,,,佐藤純一,,,,
320,37d137c7-0c57-4329-95c6-4419d05a9e92,水樹奈々,,,,,大平勉,,,,,大平勉,,,,
321,c8f5b73c-fed6-44bc-ad93-e3603e29982c,ナノ,,,,,WEST GROUND,,,,,WEST GROUND,ZAI-ON,,,
322,7445dcc4-8431-4962-81d3-675b5b7d790e,吟,,,,,吟,,,,,吟,,,,
323,c5300bf7-f2a0-4b11-9f62-6c7a050bd510,当真一茂,,,,,吟,,,,,吟,,,,
324,12577ef6-124f-4740-9ec7-94cb1390a1b3,山下諒,,,,,吟,,,,,吟,,,,
325,7374fa38-b55f-4bc4-bd27-51b64cf312cb,バナナ♪ゼロミュージック,,,,,バナナ♪ゼロミュージック,,,,,バナナ♪ゼロミュージック,,,,
326,feb83605-4f12-4a6f-b27c-d22e8ec7052b,NEKO,,,,,中上和英,,,,,中上和英,松岡純也,,,
327,1120f088-5bf7-4448-8d0b-7fee7b59f95e,NEKO,,,,,下川直哉,,,,,下川直哉,,,,
328,95884272-c8a2-4aa1-8ba0-1a34e4856c2e,ゆうゆ,,,,,ゆうゆ,,,,,ゆうゆ,,,,
329,3c03e8cc-814f-4bad-a2ba-bc5fdb79e4b1,槇原敬之,,,,,槇原敬之,,,,,本間昭光,,,,
330,fc7eb5dc-98b4-4d44-b0c8-574c0992f0fd,Agasa.K,,,,,Agasa.K,,,,,Agasa.K,,,,
331,8dc24d81-d94c-4f16-aaad-a3567e48f9e7,篠崎あやと,,,,,篠崎あやと,,,,,篠崎あやと,,,,
332,c7041d4a-5762-4019-b4ab-9d6710991915,hotaru,,,,,yamazo,やしきん,中山真斗,Tom-H@ck,,SAO MUSIC GUILD,,,,
333,6e41fdf4-f481-401a-be9b-2e33dcbcdbd8,槇原敬之,,,,,槇原敬之,,,,,本間昭光,,,,
334,6d62f680-5f0d-4e6f-989c-21f2703f01b8,久猫あむ,,,,,くろかわまさきち,,,,,くろかわまさきち,,,,
335,218e5d14-e889-49b1-8ba9-2618aa18183d,藤原さくら,,,,,藤原さくら,,,,,mabanua,,,,
336,55e2b991-2c48-4443-a4e6-0873265db46f,畑亜貴,,,,,神前暁,,,,,神前暁,,,,
337,52812a74-3f4b-465d-bf38-e988b5efb71c,コンプ,,,,,コンプ,,,,,コンプ,,,,
338,3e52025d-9a16-4428-b66f-9520501c0255,岡崎律子,,,,,岡崎律子,,,,,野見祐二,,,,
